Empresa,Classe,Codigo_old,,Codigo
Wells Fargo,ON,WFCO34,,WFC
Walt Disney,ON,DISB34,,DIS
Facebook,ON,FBOK34,,FB
Berkshire,ON,BERK34,,BRK-B
Alphabet,ON,GOGL34,,GOOGL
Booking,ON,BKNG34,,BKNG
Tesla,ON,TSLA34,,TSLA
Apple,ON,AAPL34,,AAPL
524 Particip,ON,QVQP3B,.SA,QVQP3B.SA
Abc Brasil,PN,ABCB4,.SA,ABCB4.SA
Aco Altona,ON,EALT3,.SA,EALT3.SA
Aco Altona,PN,EALT4,.SA,EALT4.SA
AdvancedDh,ON,ADHM3,.SA,ADHM3.SA
AES Tiete E,ON,TIET3,.SA,TIET3.SA
AES Tiete E,PN,TIET4,.SA,TIET4.SA
AES Tiete E,UNT N2,TIET11,.SA,TIET11.SA
Afluente T,ON,AFLT3,.SA,AFLT3.SA
Alef S/A,ON,ALEF3B,.SA,ALEF3B.SA
Alfa Consorc,ON,BRGE3,.SA,BRGE3.SA
Alfa Consorc,PNA,BRGE5,.SA,BRGE5.SA
Alfa Consorc,PNB,BRGE6,.SA,BRGE6.SA
Alfa Consorc,PNC,BRGE7,.SA,BRGE7.SA
Alfa Consorc,PND,BRGE8,.SA,BRGE8.SA
Alfa Consorc,PNE,BRGE11,.SA,BRGE11.SA
Alfa Consorc,PNF,BRGE12,.SA,BRGE12.SA
Alfa Financ,ON,CRIV3,.SA,CRIV3.SA
Alfa Financ,PN,CRIV4,.SA,CRIV4.SA
Alfa Holding,ON,RPAD3,.SA,RPAD3.SA
Alfa Holding,PNA,RPAD5,.SA,RPAD5.SA
Alfa Holding,PNB,RPAD6,.SA,RPAD6.SA
Alfa Invest,ON,BRIV3,.SA,BRIV3.SA
Alfa Invest,PN,BRIV4,.SA,BRIV4.SA
Alianscsonae,ON,ALSO3,.SA,ALSO3.SA
Aliperti,ON,APTI3,.SA,APTI3.SA
Aliperti,PN,APTI4,.SA,APTI4.SA
All Norte,ON,FRRN3B,.SA,FRRN3B.SA
All Norte,PNA,FRRN5B,.SA,FRRN5B.SA
All Norte,PNB,FRRN6B,.SA,FRRN6B.SA
Alliar,ON,AALR3,.SA,AALR3.SA
Alpargatas,ON,ALPA3,.SA,ALPA3.SA
Alpargatas,PN,ALPA4,.SA,ALPA4.SA
Alper S.A.,ON,APER3,.SA,APER3.SA
Alupar,ON,ALUP3,.SA,ALUP3.SA
Alupar,PN,ALUP4,.SA,ALUP4.SA
Alupar,UNT N2,ALUP11,.SA,ALUP11.SA
Amazonia,ON,BAZA3,.SA,BAZA3.SA
Ambev S/A,ON,ABEV3,.SA,ABEV3.SA
Ampla Energ,ON,CBEE3,.SA,CBEE3.SA
Anima,ON,ANIM3,.SA,ANIM3.SA
Arezzo Co,ON,ARZZ3,.SA,ARZZ3.SA
Atompar,ON,ATOM3,.SA,ATOM3.SA
Azevedo,ON,AZEV3,.SA,AZEV3.SA
Azevedo,PN,AZEV4,.SA,AZEV4.SA
Azul S.A.,PN,AZUL4,.SA,AZUL4.SA
B2W Digital,ON,BTOW3,.SA,BTOW3.SA
B3,ON,B3SA3,.SA,B3SA3.SA
Bahema,ON,BAHI3,.SA,BAHI3.SA
Banco BMG,PN,BMGB4,.SA,BMGB4.SA
Banco Inter,ON,BIDI3,.SA,BIDI3.SA
Banco Inter,PN,BIDI4,.SA,BIDI4.SA
Banco Inter,UNT,BIDI11,.SA,BIDI11.SA
Banco Pan,PN,BPAN4,.SA,BPAN4.SA
Banese,ON,BGIP3,.SA,BGIP3.SA
Banese,PN,BGIP4,.SA,BGIP4.SA
Banestes,ON,BEES3,.SA,BEES3.SA
Banestes,PN,BEES4,.SA,BEES4.SA
Banpara,ON,BPAR3,.SA,BPAR3.SA
Banrisul,ON,BRSR3,.SA,BRSR3.SA
Banrisul,PNA,BRSR5,.SA,BRSR5.SA
Banrisul,PNB,BRSR6,.SA,BRSR6.SA
Bardella,ON,BDLL3,.SA,BDLL3.SA
Bardella,PN,BDLL4,.SA,BDLL4.SA
Battistella,ON,BTTL3,.SA,BTTL3.SA
Baumer,ON,BALM3,.SA,BALM3.SA
Baumer,PN,BALM4,.SA,BALM4.SA
Bbmlogistica,ON,BBML3,.SA,BBML3.SA
BBSeguridade,ON,BBSE3,.SA,BBSE3.SA
Betapart,ON,BETP3B,.SA,BETP3B.SA
Bic Monark,ON,BMKS3,.SA,BMKS3.SA
Biomm,ON,BIOM3,.SA,BIOM3.SA
Biosev,ON,BSEV3,.SA,BSEV3.SA
Biotoscana,ON,GBIO33,.SA,GBIO33.SA
Bk Brasil,ON,BKBR3,.SA,BKBR3.SA
Bombril,ON,BOBR3,.SA,BOBR3.SA
Bombril,PN,BOBR4,.SA,BOBR4.SA
BR Brokers,ON,BBRK3,.SA,BBRK3.SA
BR Malls Par,ON,BRML3,.SA,BRML3.SA
BR Propert,ON,BRPR3,.SA,BRPR3.SA
Bradesco,ON,BBDC3,.SA,BBDC3.SA
Bradesco,PN,BBDC4,.SA,BBDC4.SA
Bradespar,ON,BRAP3,.SA,BRAP3.SA
Bradespar,PN,BRAP4,.SA,BRAP4.SA
Brasil,ON,BBAS3,.SA,BBAS3.SA
Brasilagro,ON,AGRO3,.SA,AGRO3.SA
Braskem,ON,BRKM3,.SA,BRKM3.SA
Braskem,PNA,BRKM5,.SA,BRKM5.SA
Braskem,PNB,BRKM6,.SA,BRKM6.SA
BRB Banco,ON,BSLI3,.SA,BSLI3.SA
BRB Banco,PN,BSLI4,.SA,BSLI4.SA
BRF SA,ON,BRFS3,.SA,BRFS3.SA
Brq,ON,BRQB3,.SA,BRQB3.SA
Btgp Banco,ON,BPAC3,.SA,BPAC3.SA
Btgp Banco,PNA,BPAC5,.SA,BPAC5.SA
Btgp Banco,UNT,BPAC11,.SA,BPAC11.SA
Cabinda Part,ON,CABI3B,.SA,CABI3B.SA
Caconde Part,ON,CACO3B,.SA,CACO3B.SA
Cambuci,ON,CAMB3,.SA,CAMB3.SA
Camil,ON,CAML3,.SA,CAML3.SA
Capitalpart,ON,CPTP3B,.SA,CPTP3B.SA
Carrefour BR,ON,CRFB3,.SA,CRFB3.SA
Casan,ON,CASN3,.SA,CASN3.SA
Casan,PN,CASN4,.SA,CASN4.SA
CCR SA,ON,CCRO3,.SA,CCRO3.SA
Ccx Carvao,ON,CCXC3,.SA,CCXC3.SA
Cea Modas,ON,CEAB3,.SA,CEAB3.SA
Ceb,ON,CEBR3,.SA,CEBR3.SA
Ceb,PNA,CEBR5,.SA,CEBR5.SA
Ceb,PNB,CEBR6,.SA,CEBR6.SA
Cedro,ON,CEDO3,.SA,CEDO3.SA
Cedro,PN,CEDO4,.SA,CEDO4.SA
CeeeD,ON,CEED3,.SA,CEED3.SA
CeeeD,PN,CEED4,.SA,CEED4.SA
CeeeGt,ON,EEEL3,.SA,EEEL3.SA
CeeeGt,PN,EEEL4,.SA,EEEL4.SA
Ceg,ON,CEGR3,.SA,CEGR3.SA
Celesc,ON,CLSC3,.SA,CLSC3.SA
Celesc,PN,CLSC4,.SA,CLSC4.SA
Celgpar,ON,GPAR3,.SA,GPAR3.SA
Celpe,ON,CEPE3,.SA,CEPE3.SA
Celpe,PNA,CEPE5,.SA,CEPE5.SA
Celpe,PNB,CEPE6,.SA,CEPE6.SA
Celul Irani,ON,RANI3,.SA,RANI3.SA
Celul Irani,PN,RANI4,.SA,RANI4.SA
Cemepe,ON,MAPT3,.SA,MAPT3.SA
Cemepe,PN,MAPT4,.SA,MAPT4.SA
Cemig,ON,CMIG3,.SA,CMIG3.SA
Cemig,PN,CMIG4,.SA,CMIG4.SA
Centauro,ON,CNTO3,.SA,CNTO3.SA
Cesp,ON,CESP3,.SA,CESP3.SA
Cesp,PNA,CESP5,.SA,CESP5.SA
Cesp,PNB,CESP6,.SA,CESP6.SA
Cia Hering,ON,HGTX3,.SA,HGTX3.SA
Cielo,ON,CIEL3,.SA,CIEL3.SA
Cims,ON,CMSA3,.SA,CMSA3.SA
Cims,PN,CMSA4,.SA,CMSA4.SA
Cinesystem,ON,CNSY3,.SA,CNSY3.SA
Coelba,ON,CEEB3,.SA,CEEB3.SA
Coelba,PNA,CEEB5,.SA,CEEB5.SA
Coelba,PNB,CEEB6,.SA,CEEB6.SA
Coelce,ON,COCE3,.SA,COCE3.SA
Coelce,PNA,COCE5,.SA,COCE5.SA
Coelce,PNB,COCE6,.SA,COCE6.SA
Cogna ON,ON,COGN3,.SA,COGN3.SA
Comgas,ON,CGAS3,.SA,CGAS3.SA
Comgas,PNA,CGAS5,.SA,CGAS5.SA
Conc Rio Ter,ON,CRTE3B,.SA,CRTE3B.SA
Conc Rio Ter,PNA,CRTE5B,.SA,CRTE5B.SA
Const A Lind,ON,CALI3,.SA,CALI3.SA
Const A Lind,PN,CALI4,.SA,CALI4.SA
Copasa,ON,CSMG3,.SA,CSMG3.SA
Copel,ON,CPLE3,.SA,CPLE3.SA
Copel,PNA,CPLE5,.SA,CPLE5.SA
Copel,PNB,CPLE6,.SA,CPLE6.SA
Cor Ribeiro,ON,CORR3,.SA,CORR3.SA
Cor Ribeiro,PN,CORR4,.SA,CORR4.SA
Cosan,ON,CSAN3,.SA,CSAN3.SA
Cosan Log,ON,RLOG3,.SA,RLOG3.SA
Cosern,ON,CSRN3,.SA,CSRN3.SA
Cosern,PNA,CSRN5,.SA,CSRN5.SA
Cosern,PNB,CSRN6,.SA,CSRN6.SA
Coteminas,ON,CTNM3,.SA,CTNM3.SA
Coteminas,PN,CTNM4,.SA,CTNM4.SA
CPFL Energia,ON,CPFE3,.SA,CPFE3.SA
CPFL Renovav,ON,CPRE3,.SA,CPRE3.SA
Cr2,ON,CRDE3,.SA,CRDE3.SA
Cristal,ON,CRPG3,.SA,CRPG3.SA
Cristal,PNA,CRPG5,.SA,CRPG5.SA
Cristal,PNB,CRPG6,.SA,CRPG6.SA
Csu Cardsyst,ON,CARD3,.SA,CARD3.SA
Ctc S.A.,ON,CTCA3,.SA,CTCA3.SA
Cvc Brasil,ON,CVCB3,.SA,CVCB3.SA
Cyre ComCcp,ON,CCPR3,.SA,CCPR3.SA
Cyrela Realt,ON,CYRE3,.SA,CYRE3.SA
Dasa,ON,DASA3,.SA,DASA3.SA
Dimed,ON,PNVL3,.SA,PNVL3.SA
Dimed,PN,PNVL4,.SA,PNVL4.SA
Direcional,ON,DIRR3,.SA,DIRR3.SA
Dohler,ON,DOHL3,.SA,DOHL3.SA
Dohler,PN,DOHL4,.SA,DOHL4.SA
Dommo,ON,DMMO3,.SA,DMMO3.SA
Dtcom Direct,ON,DTCY3,.SA,DTCY3.SA
Dtcom Direct,PN,DTCY4,.SA,DTCY4.SA
Duratex,ON,DTEX3,.SA,DTEX3.SA
Ecorodovias,ON,ECOR3,.SA,ECOR3.SA
Elekeiroz,ON,ELEK3,.SA,ELEK3.SA
Elekeiroz,PN,ELEK4,.SA,ELEK4.SA
Elektro,ON,EKTR3,.SA,EKTR3.SA
Elektro,PN,EKTR4,.SA,EKTR4.SA
Eletrobras,ON,ELET3,.SA,ELET3.SA
Eletrobras,PNA,ELET5,.SA,ELET5.SA
Eletrobras,PNB,ELET6,.SA,ELET6.SA
Eletron,ON,ETRO3B,.SA,ETRO3B.SA
Eletropar,ON,LIPR3,.SA,LIPR3.SA
Emae,ON,EMAE3,.SA,EMAE3.SA
Emae,PN,EMAE4,.SA,EMAE4.SA
Embraer,ON,EMBR3,.SA,EMBR3.SA
Enauta Part,ON,ENAT3,.SA,ENAT3.SA
Encorpar,ON,ECPR3,.SA,ECPR3.SA
Encorpar,PN,ECPR4,.SA,ECPR4.SA
Energias BR,ON,ENBR3,.SA,ENBR3.SA
Energisa,ON,ENGI3,.SA,ENGI3.SA
Energisa,PN,ENGI4,.SA,ENGI4.SA
Energisa,UNT N2,ENGI11,.SA,ENGI11.SA
Energisa Mt,ON,ENMT3,.SA,ENMT3.SA
Energisa Mt,PN,ENMT4,.SA,ENMT4.SA
Eneva,ON,ENEV3,.SA,ENEV3.SA
Engie Brasil,ON,EGIE3,.SA,EGIE3.SA
Eqtl Maranhao,ON,EQMA3B,.SA,EQMA3B.SA
Eqtl Maranhao,PNA,EQMA5B,.SA,EQMA5B.SA
Eqtl Maranhao,PNB,EQMA6B,.SA,EQMA6B.SA
Eqtl Para,ON,EQPA3,.SA,EQPA3.SA
Eqtl Para,PNA,EQPA5,.SA,EQPA5.SA
Eqtl Para,PNB,EQPA6,.SA,EQPA6.SA
Eqtl Para,PNC,EQPA7,.SA,EQPA7.SA
Equatorial,ON,EQTL3,.SA,EQTL3.SA
Estrela,ON,ESTR3,.SA,ESTR3.SA
Estrela,PN,ESTR4,.SA,ESTR4.SA
Eternit,ON,ETER3,.SA,ETER3.SA
Eucatex,ON,EUCA3,.SA,EUCA3.SA
Eucatex,PN,EUCA4,.SA,EUCA4.SA
Even,ON,EVEN3,.SA,EVEN3.SA
Excelsior,ON,BAUH3,.SA,BAUH3.SA
Excelsior,PN,BAUH4,.SA,BAUH4.SA
Eztec,ON,EZTC3,.SA,EZTC3.SA
Fer Heringer,ON,FHER3,.SA,FHER3.SA
Ferbasa,ON,FESA3,.SA,FESA3.SA
Ferbasa,PN,FESA4,.SA,FESA4.SA
Finansinos,ON,FNCN3,.SA,FNCN3.SA
Fleury,ON,FLRY3,.SA,FLRY3.SA
Flex S/A,ON,FLEX3,.SA,FLEX3.SA
FrasLe,ON,FRAS3,.SA,FRAS3.SA
Gafisa,ON,GFSA3,.SA,GFSA3.SA
Gama Part,ON,OPGM3B,.SA,OPGM3B.SA
Generalshopp,ON,GSHP3,.SA,GSHP3.SA
Ger Paranap,ON,GEPA3,.SA,GEPA3.SA
Ger Paranap,PN,GEPA4,.SA,GEPA4.SA
Gerdau,ON,GGBR3,.SA,GGBR3.SA
Gerdau,PN,GGBR4,.SA,GGBR4.SA
Gerdau Met,ON,GOAU3,.SA,GOAU3.SA
Gerdau Met,PN,GOAU4,.SA,GOAU4.SA
Gol,PN,GOLL4,.SA,GOLL4.SA
GP Invest,A,GPIV33,.SA,GPIV33.SA
GPC Part,ON,GPCP3,.SA,GPCP3.SA
GPC Part,PN,GPCP4,.SA,GPCP4.SA
Grazziotin,ON,CGRA3,.SA,CGRA3.SA
Grazziotin,PN,CGRA4,.SA,CGRA4.SA
Grendene,ON,GRND3,.SA,GRND3.SA
Grupo Natura,ON,NTCO3,.SA,NTCO3.SA
Guararapes,ON,GUAR3,.SA,GUAR3.SA
Habitasul,ON,HBTS3,.SA,HBTS3.SA
Habitasul,PNA,HBTS5,.SA,HBTS5.SA
Habitasul,PNB,HBTS6,.SA,HBTS6.SA
Haga S/A,ON,HAGA3,.SA,HAGA3.SA
Haga S/A,PN,HAGA4,.SA,HAGA4.SA
Hapvida,ON,HAPV3,.SA,HAPV3.SA
Helbor,ON,HBOR3,.SA,HBOR3.SA
Hercules,ON,HETA3,.SA,HETA3.SA
Hercules,PN,HETA4,.SA,HETA4.SA
Hoteis Othon,ON,HOOT3,.SA,HOOT3.SA
Hoteis Othon,PN,HOOT4,.SA,HOOT4.SA
Hypera,ON,HYPE3,.SA,HYPE3.SA
Ideiasnet,ON,IDNT3,.SA,IDNT3.SA
IGB S/A,ON,IGBR3,.SA,IGBR3.SA
Igua SA,ON,IGSN3,.SA,IGSN3.SA
Iguatemi,ON,IGTA3,.SA,IGTA3.SA
Ihpardini,ON,PARD3,.SA,PARD3.SA
Imc S/A,ON,MEAL3,.SA,MEAL3.SA
Ind Cataguas,ON,CATA3,.SA,CATA3.SA
Ind Cataguas,PN,CATA4,.SA,CATA4.SA
Inds Romi,ON,ROMI3,.SA,ROMI3.SA
Indusval,ON,IDVL3,.SA,IDVL3.SA
Indusval,PN,IDVL4,.SA,IDVL4.SA
Inepar,ON,INEP3,.SA,INEP3.SA
Inepar,PN,INEP4,.SA,INEP4.SA
Inter SA,ON,INNT3,.SA,INNT3.SA
Intermedica,ON,GNDI3,.SA,GNDI3.SA
Invepar,ON,IVPR3B,.SA,IVPR3B.SA
Invepar,PN,IVPR4B,.SA,IVPR4B.SA
Invest Bemge,ON,FIGE3,.SA,FIGE3.SA
Invest Bemge,PN,FIGE4,.SA,FIGE4.SA
IochpMaxion,ON,MYPK3,.SA,MYPK3.SA
Irbbrasil Re,ON,IRBR3,.SA,IRBR3.SA
Itausa,ON,ITSA3,.SA,ITSA3.SA
Itausa,PN,ITSA4,.SA,ITSA4.SA
ItauUnibanco,ON,ITUB3,.SA,ITUB3.SA
ItauUnibanco,PN,ITUB4,.SA,ITUB4.SA
J B Duarte,ON,JBDU3,.SA,JBDU3.SA
J B Duarte,PN,JBDU4,.SA,JBDU4.SA
JBS,ON,JBSS3,.SA,JBSS3.SA
Jereissati,ON,JPSA3,.SA,JPSA3.SA
Jereissati,PN,JPSA4,.SA,JPSA4.SA
JHSF Part,ON,JHSF3,.SA,JHSF3.SA
Joao Fortes,ON,JFEN3,.SA,JFEN3.SA
Josapar,ON,JOPA3,.SA,JOPA3.SA
Josapar,PN,JOPA4,.SA,JOPA4.SA
JSL,ON,JSLG3,.SA,JSLG3.SA
Karsten,ON,CTKA3,.SA,CTKA3.SA
Karsten,PN,CTKA4,.SA,CTKA4.SA
Kepler Weber,ON,KEPL3,.SA,KEPL3.SA
Klabin S/A,ON,KLBN3,.SA,KLBN3.SA
Klabin S/A,PN,KLBN4,.SA,KLBN4.SA
Klabin S/A,UNT N2,KLBN11,.SA,KLBN11.SA
Le Lis Blanc,ON,LLIS3,.SA,LLIS3.SA
Lifemed,ON,LMED3,.SA,LMED3.SA
Light S/A,ON,LIGT3,.SA,LIGT3.SA
Linx,ON,LINX3,.SA,LINX3.SA
Liq,ON,LIQO3,.SA,LIQO3.SA
Litel,ON,LTEL3B,.SA,LTEL3B.SA
Litel,PRB,LTEL11B,.SA,LTEL11B.SA
Litela,ON,LTLA3B,.SA,LTLA3B.SA
Localiza,ON,RENT3,.SA,RENT3.SA
Locamerica,ON,LCAM3,.SA,LCAM3.SA
Locaweb,ON,LWSA3,.SA,LWSA3.SA
Log Com Prop,ON,LOGG3,.SA,LOGG3.SA
LogIn,ON,LOGN3,.SA,LOGN3.SA
Lojas Americ,ON,LAME3,.SA,LAME3.SA
Lojas Americ,PN,LAME4,.SA,LAME4.SA
Lojas Marisa,ON,AMAR3,.SA,AMAR3.SA
Lojas Renner,ON,LREN3,.SA,LREN3.SA
Longdis,ON,SPRT3B,.SA,SPRT3B.SA
Lopes Brasil,ON,LPSB3,.SA,LPSB3.SA
Lupatech,ON,LUPA3,.SA,LUPA3.SA
M.Diasbranco,ON,MDIA3,.SA,MDIA3.SA
Maestroloc,ON,MSRO3,.SA,MSRO3.SA
Magaz Luiza,ON,MGLU3,.SA,MGLU3.SA
Mangels Indl,ON,MGEL3,.SA,MGEL3.SA
Mangels Indl,PN,MGEL4,.SA,MGEL4.SA
Marcopolo,ON,POMO3,.SA,POMO3.SA
Marcopolo,PN,POMO4,.SA,POMO4.SA
Marfrig,ON,MRFG3,.SA,MRFG3.SA
Melhor SP,ON,MSPA3,.SA,MSPA3.SA
Melhor SP,PN,MSPA4,.SA,MSPA4.SA
Mendes Jr,ON,MEND3,.SA,MEND3.SA
Mendes Jr,PNA,MEND5,.SA,MEND5.SA
Mendes Jr,PNB,MEND6,.SA,MEND6.SA
Menezes Cort,ON,MNZC3B,.SA,MNZC3B.SA
Merc Brasil,ON,BMEB3,.SA,BMEB3.SA
Merc Brasil,PN,BMEB4,.SA,BMEB4.SA
Merc Financ,ON,MERC3,.SA,MERC3.SA
Merc Financ,PN,MERC4,.SA,MERC4.SA
Merc Invest,ON,BMIN3,.SA,BMIN3.SA
Merc Invest,PN,BMIN4,.SA,BMIN4.SA
Metal Iguacu,ON,MTIG3,.SA,MTIG3.SA
Metal Iguacu,PN,MTIG4,.SA,MTIG4.SA
Metal Leve,ON,LEVE3,.SA,LEVE3.SA
Metalfrio,ON,FRIO3,.SA,FRIO3.SA
Metisa,ON,MTSA3,.SA,MTSA3.SA
Metisa,PN,MTSA4,.SA,MTSA4.SA
Mills,ON,MILS3,.SA,MILS3.SA
Minasmaquinas,ON,MMAQ3,.SA,MMAQ3.SA
Minasmaquinas,PN,MMAQ4,.SA,MMAQ4.SA
Minerva,ON,BEEF3,.SA,BEEF3.SA
Minupar,ON,MNPR3,.SA,MNPR3.SA
Mitre,ON,MTRE3,.SA,MTRE3.SA
MMX Miner,ON,MMXM3,.SA,MMXM3.SA
Mont Aranha,ON,MOAR3,.SA,MOAR3.SA
Movida,ON,MOVI3,.SA,MOVI3.SA
Mrs Logist,ON,MRSA3B,.SA,MRSA3B.SA
Mrs Logist,PNA,MRSA5B,.SA,MRSA5B.SA
Mrs Logist,PNB,MRSA6B,.SA,MRSA6B.SA
MRV,ON,MRVE3,.SA,MRVE3.SA
Multiplan,ON,MULT3,.SA,MULT3.SA
Mundial,ON,MNDL3,.SA,MNDL3.SA
Nadir Figuei,ON,NAFG3,.SA,NAFG3.SA
Nadir Figuei,PN,NAFG4,.SA,NAFG4.SA
Neoenergia,ON,NEOE3,.SA,NEOE3.SA
Nord Brasil,ON,BNBR3,.SA,BNBR3.SA
Nordon Met,ON,NORD3,.SA,NORD3.SA
Nortcquimica,ON,NRTQ3,.SA,NRTQ3.SA
Nutriplant,ON,NUTR3,.SA,NUTR3.SA
Oderich,ON,ODER3,.SA,ODER3.SA
Oderich,PN,ODER4,.SA,ODER4.SA
Odontoprev,ON,ODPV3,.SA,ODPV3.SA
Oi,ON,OIBR3,.SA,OIBR3.SA
Oi,PN,OIBR4,.SA,OIBR4.SA
Omega Ger,ON,OMGE3,.SA,OMGE3.SA
Opport Energ,ON,OPHE3B,.SA,OPHE3B.SA
OSX Brasil,ON,OSXB3,.SA,OSXB3.SA
Ourofino S/A,ON,OFSA3,.SA,OFSA3.SA
P.AcucarCbd,ON,PCAR3,.SA,PCAR3.SA
P.AcucarCbd,PN,PCAR4,.SA,PCAR4.SA
Panatlantica,ON,PATI3,.SA,PATI3.SA
Panatlantica,PN,PATI4,.SA,PATI4.SA
Par Al Bahia,ON,PEAB3,.SA,PEAB3.SA
Par Al Bahia,PN,PEAB4,.SA,PEAB4.SA
Paranapanema,ON,PMAM3,.SA,PMAM3.SA
PDG Realt,ON,PDGR3,.SA,PDGR3.SA
Pet Manguinh,ON,RPMG3,.SA,RPMG3.SA
Petrobras,ON,PETR3,.SA,PETR3.SA
Petrobras,PN,PETR4,.SA,PETR4.SA
Petrobras BR,ON,BRDT3,.SA,BRDT3.SA
Petrorio,ON,PRIO3,.SA,PRIO3.SA
Pettenati,ON,PTNT3,.SA,PTNT3.SA
Pettenati,PN,PTNT4,.SA,PTNT4.SA
Pine,ON,PINE3,.SA,PINE3.SA
Pine,PN,PINE4,.SA,PINE4.SA
Plascar Part,ON,PLAS3,.SA,PLAS3.SA
Polpar,ON,PPAR3,.SA,PPAR3.SA
Pomifrutas,ON,FRTA3,.SA,FRTA3.SA
Porto Seguro,ON,PSSA3,.SA,PSSA3.SA
Portobello,ON,PTBL3,.SA,PTBL3.SA
Positivo Tec,ON,POSI3,.SA,POSI3.SA
Ppla,UNT,PPLA11,.SA,PPLA11.SA
Pratica,ON,PTCA3,.SA,PTCA3.SA
Pratica,PN Resg,PTCA11,.SA,PTCA11.SA
Priner,ON,PRNR3,.SA,PRNR3.SA
Profarma,ON,PFRM3,.SA,PFRM3.SA
Prompt,ON,PRPT3B,.SA,PRPT3B.SA
Qualicorp,ON,QUAL3,.SA,QUAL3.SA
Quality Soft,ON,QUSW3,.SA,QUSW3.SA
RaiaDrogasil,ON,RADL3,.SA,RADL3.SA
Randon Part,ON,RAPT3,.SA,RAPT3.SA
Randon Part,PN,RAPT4,.SA,RAPT4.SA
Recrusul,ON,RCSL3,.SA,RCSL3.SA
Recrusul,PN,RCSL4,.SA,RCSL4.SA
Rede Energia,ON,REDE3,.SA,REDE3.SA
Rede Energia,PN,REDE4,.SA,REDE4.SA
Renova,ON,RNEW3,.SA,RNEW3.SA
Renova,PN,RNEW4,.SA,RNEW4.SA
Renova,UNT N2,RNEW11,.SA,RNEW11.SA
Riosulense,ON,RSUL3,.SA,RSUL3.SA
Riosulense,PN,RSUL4,.SA,RSUL4.SA
Rni,ON,RDNI3,.SA,RDNI3.SA
Rossi Resid,ON,RSID3,.SA,RSID3.SA
Rumo S.A.,ON,RAIL3,.SA,RAIL3.SA
Sabesp,ON,SBSP3,.SA,SBSP3.SA
Sanepar,ON,SAPR3,.SA,SAPR3.SA
Sanepar,PN,SAPR4,.SA,SAPR4.SA
Sanepar,UNT N2,SAPR11,.SA,SAPR11.SA
Sansuy,ON,SNSY3,.SA,SNSY3.SA
Sansuy,PNA,SNSY5,.SA,SNSY5.SA
Sansuy,PNB,SNSY6,.SA,SNSY6.SA
Santander BR,ON,SANB3,.SA,SANB3.SA
Santander BR,PN,SANB4,.SA,SANB4.SA
Santander BR,UNT,SANB11,.SA,SANB11.SA
Santanense,ON,CTSA3,.SA,CTSA3.SA
Santanense,PN,CTSA4,.SA,CTSA4.SA
Santanense,PND,CTSA8,.SA,CTSA8.SA
Santos Brp,ON,STBP3,.SA,STBP3.SA
Sao Carlos,ON,SCAR3,.SA,SCAR3.SA
Sao Martinho,ON,SMTO3,.SA,SMTO3.SA
Saraiva Livr,ON,SLED3,.SA,SLED3.SA
Saraiva Livr,PN,SLED4,.SA,SLED4.SA
Schulz,ON,SHUL3,.SA,SHUL3.SA
Schulz,PN,SHUL4,.SA,SHUL4.SA
Seg Al Bahia,ON,CSAB3,.SA,CSAB3.SA
Seg Al Bahia,PN,CSAB4,.SA,CSAB4.SA
Selectpart,ON,SLCT3B,.SA,SLCT3B.SA
Ser Educa,ON,SEER3,.SA,SEER3.SA
Sid Nacional,ON,CSNA3,.SA,CSNA3.SA
Sinqia,ON,SQIA3,.SA,SQIA3.SA
SLC Agricola,ON,SLCE3,.SA,SLCE3.SA
Smart Fit,ON,SMFT3,.SA,SMFT3.SA
Smart Fit,PNAB,SMFT13,.SA,SMFT13.SA
Smart Fit,PNAE,SMFT14,.SA,SMFT14.SA
Smart Fit,PNAG,SMFT15,.SA,SMFT15.SA
Smart Fit,PNB,SMFT6,.SA,SMFT6.SA
Smart Fit,PNE,SMFT11,.SA,SMFT11.SA
Smart Fit,PNG,SMFT12,.SA,SMFT12.SA
Smiles,ON,SMLS3,.SA,SMLS3.SA
Sondotecnica,ON,SOND3,.SA,SOND3.SA
Sondotecnica,PNA,SOND5,.SA,SOND5.SA
Sondotecnica,PNB,SOND6,.SA,SOND6.SA
Springer,ON,SPRI3,.SA,SPRI3.SA
Springer,PNA,SPRI5,.SA,SPRI5.SA
Springer,PNB,SPRI6,.SA,SPRI6.SA
Springs,ON,SGPS3,.SA,SGPS3.SA
SPturis,ON,AHEB3,.SA,AHEB3.SA
SPturis,PNA,AHEB5,.SA,AHEB5.SA
SPturis,PNB,AHEB6,.SA,AHEB6.SA
Stara,ON,STTR3,.SA,STTR3.SA
Statkraft,ON,STKF3,.SA,STKF3.SA
Sudeste,ON,OPSE3B,.SA,OPSE3B.SA
Sul 116 Part,ON,OPTS3B,.SA,OPTS3B.SA
Sul America,ON,SULA3,.SA,SULA3.SA
Sul America,PN,SULA4,.SA,SULA4.SA
Sul America,UNT N2,SULA11,.SA,SULA11.SA
Suzano Hold,ON,NEMO3,.SA,NEMO3.SA
Suzano Hold,PNA,NEMO5,.SA,NEMO5.SA
Suzano Hold,PNB,NEMO6,.SA,NEMO6.SA
Suzano S.A.,ON,SUZB3,.SA,SUZB3.SA
Taesa,ON,TAEE3,.SA,TAEE3.SA
Taesa,PN,TAEE4,.SA,TAEE4.SA
Taesa,UNT N2,TAEE11,.SA,TAEE11.SA
Taurus Armas,ON,TASA3,.SA,TASA3.SA
Taurus Armas,PN,TASA4,.SA,TASA4.SA
Technos,ON,TECN3,.SA,TECN3.SA
Tecnisa,ON,TCSA3,.SA,TCSA3.SA
Tecnosolo,ON,TCNO3,.SA,TCNO3.SA
Tecnosolo,PN,TCNO4,.SA,TCNO4.SA
Tegma,ON,TGMA3,.SA,TGMA3.SA
Teka,ON,TEKA3,.SA,TEKA3.SA
Teka,PN,TEKA4,.SA,TEKA4.SA
Tekno,ON,TKNO3,.SA,TKNO3.SA
Tekno,PN,TKNO4,.SA,TKNO4.SA
Telebras,ON,TELB3,.SA,TELB3.SA
Telebras,PN,TELB4,.SA,TELB4.SA
Telef Brasil,ON,VIVT3,.SA,VIVT3.SA
Telef Brasil,PN,VIVT4,.SA,VIVT4.SA
Tenda,ON,TEND3,.SA,TEND3.SA
Terra Santa,ON,TESA3,.SA,TESA3.SA
Tex Renaux,ON,TXRX3,.SA,TXRX3.SA
Tex Renaux,PN,TXRX4,.SA,TXRX4.SA
Tim Part S/A,ON,TIMP3,.SA,TIMP3.SA
Time For Fun,ON,SHOW3,.SA,SHOW3.SA
Totvs,ON,TOTS3,.SA,TOTS3.SA
Tran Paulist,ON,TRPL3,.SA,TRPL3.SA
Tran Paulist,PN,TRPL4,.SA,TRPL4.SA
Trevisa,ON,LUXM3,.SA,LUXM3.SA
Trevisa,PN,LUXM4,.SA,LUXM4.SA
Trisul,ON,TRIS3,.SA,TRIS3.SA
Triunfo Part,ON,TPIS3,.SA,TPIS3.SA
Tupy,ON,TUPY3,.SA,TUPY3.SA
Ultrapar,ON,UGPA3,.SA,UGPA3.SA
Unicasa,ON,UCAS3,.SA,UCAS3.SA
Unipar,ON,UNIP3,.SA,UNIP3.SA
Unipar,PNA,UNIP5,.SA,UNIP5.SA
Unipar,PNB,UNIP6,.SA,UNIP6.SA
Uptick,ON,UPKP3B,.SA,UPKP3B.SA
Usiminas,ON,USIM3,.SA,USIM3.SA
Usiminas,PNA,USIM5,.SA,USIM5.SA
Usiminas,PNB,USIM6,.SA,USIM6.SA
Vale,ON,VALE3,.SA,VALE3.SA
Valid,ON,VLID3,.SA,VLID3.SA
Viavarejo,ON,VVAR3,.SA,VVAR3.SA
Vivara S.A.,ON,VIVA3,.SA,VIVA3.SA
Viver,ON,VIVR3,.SA,VIVR3.SA
Vulcabras,ON,VULC3,.SA,VULC3.SA
Weg,ON,WEGE3,.SA,WEGE3.SA
Wetzel S/A,ON,MWET3,.SA,MWET3.SA
Wetzel S/A,PN,MWET4,.SA,MWET4.SA
Whirlpool,ON,WHRL3,.SA,WHRL3.SA
Whirlpool,PN,WHRL4,.SA,WHRL4.SA
Wilson Sons,ON,WSON33,.SA,WSON33.SA
Wiz S.A,ON,WIZS3,.SA,WIZS3.SA
Wlm Ind Com,ON,WLMM3,.SA,WLMM3.SA
Wlm Ind Com,PN,WLMM4,.SA,WLMM4.SA
Yduqs Part,ON,YDUQ3,.SA,YDUQ3.SA
